Taahir Ahmed -- t551
Brian Bass -- b_bass
Michael W Bass -- littlebass09
John Boyd -- chefboydrd
Samuel Carey -- samcarey
Clayton Crawford -- clayton.crawford
Ashton Jackson -- ashtonjackson
Shuli Li -- li8264
Yayun Liu -- liuyayun915
Douglas James Maunder -- dm1453
Zachary Partal -- zpartal
Narayanan Rengaswamy -- r_narayanan_92
Dipanjan Saha -- dipanjan1989
Jeff Terrell -- jdterrell
Desmond Uzor -- dezzified
Tengyan Wang -- michaelwty

